Workbook

Sheet Instructions
A1: TCL ELECTRONICS KSA — AUTOMATED TRAINING TRACKER
A2: Complete guide to using this workbook
A4: 📋 PROMOTER TRACKER
A5: 1. Go to the 'Promoter Tracker' sheet
A6: 2. Enter Name and Store in the yellow cells (rows 5–24)
A7: 3. Change quiz status using the dropdown: Pass / Fail / Pending
A8: 4. Enter competition points earned in column G
A9: 5. Points, Level, and Badge are calculated automatically
A11: 🗓 TRAINING PLAN
A12: 1. Go to the 'Training Plan' sheet
A13: 2. Select a status from the dropdown in column E: ✓ Done / ○ To Do / — Skip
A14: 3. The progress bar and counter update automatically
... A35: • To add more than 20 promoters, copy and extend the row formulas

Sheet Promoter Tracker
A1: TCL PROMOTER TRACKER — KSA | L1: Bronze pts | M1: 10
A2: Auto-calculates Points, Level & Status | Updated: 12 June 2026 | L2: Silver pts | M2: 20
A3: 📝 HOW TO USE: Enter promoter data in the yellow cells. Points, Level, and Status are calculated automatically. | L3: Gold pts | M3: 35
A4: ID | B4: Name | C4: Store / Region | D4: Bronze Quiz | E4: Silver Quiz | F4: Gold Quiz | G4: Competition Points | H4: Total Points | I4: Level | J4: Badge
A5: P001 | D5: Pending | E5: Pending | F5: Pending | G5: 0 | H5: =IF(D5="Pass",$M$1,0)+IF(E5="Pass",$M$2,0)+IF(F5="Pass",$M$3,0)+G5 | I5: =IF(H5>=150,"Champion",IF(H5>=100,"Gold",IF(H5>=50,"Silver",IF(H5>0,"Bronze","—")))) | J5: =IF(I5="Champion","🏆",IF(I5="Gold","🥇",IF(I5="Silver","🥈",IF(I5="Bronze","🥉","—")))) | L5: TEAM SUMMARY
A6: P002 | D6: Pending | E6: Pending | F6: Pending | G6: 0 | H6: =IF(D6="Pass",$M$1,0)+IF(E6="Pass",$M$2,0)+IF(F6="Pass",$M$3,0)+G6 | I6: =IF(H6>=150,"Champion",IF(H6>=100,"Gold",IF(H6>=50,"Silver",IF(H6>0,"Bronze","—")))) | J6: =IF(I6="Champion","🏆",IF(I6="Gold","🥇",IF(I6="Silver","🥈",IF(I6="Bronze","🥉","—")))) | L6: Total Promoters | M6: =COUNTA(B5:B24)
A7: P003 | D7: Pending | E7: Pending | F7: Pending | G7: 0 | H7: =IF(D7="Pass",$M$1,0)+IF(E7="Pass",$M$2,0)+IF(F7="Pass",$M$3,0)+G7 | I7: =IF(H7>=150,"Champion",IF(H7>=100,"Gold",IF(H7>=50,"Silver",IF(H7>0,"Bronze","—")))) | J7: =IF(I7="Champion","🏆",IF(I7="Gold","🥇",IF(I7="Silver","🥈",IF(I7="Bronze","🥉","—")))) | L7: Avg Points | M7: =IFERROR(AVERAGE(H5:H24),0)
A8: P004 | D8: Pending | E8: Pending | F8: Pending | G8: 0 | H8: =IF(D8="Pass",$M$1,0)+IF(E8="Pass",$M$2,0)+IF(F8="Pass",$M$3,0)+G8 | I8: =IF(H8>=150,"Champion",IF(H8>=100,"Gold",IF(H8>=50,"Silver",IF(H8>0,"Bronze","—")))) | J8: =IF(I8="Champion","🏆",IF(I8="Gold","🥇",IF(I8="Silver","🥈",IF(I8="Bronze","🥉","—")))) | L8: Champions | M8: =COUNTIF(I5:I24,"Champion")
A9: P005 | D9: Pending | E9: Pending | F9: Pending | G9: 0 | H9: =IF(D9="Pass",$M$1,0)+IF(E9="Pass",$M$2,0)+IF(F9="Pass",$M$3,0)+G9 | I9: =IF(H9>=150,"Champion",IF(H9>=100,"Gold",IF(H9>=50,"Silver",IF(H9>0,"Bronze","—")))) | J9: =IF(I9="Champion","🏆",IF(I9="Gold","🥇",IF(I9="Silver","🥈",IF(I9="Bronze","🥉","—")))) | L9: Gold | M9: =COUNTIF(I5:I24,"Gold")
A10: P006 | D10: Pending | E10: Pending | F10: Pending | G10: 0 | H10: =IF(D10="Pass",$M$1,0)+IF(E10="Pass",$M$2,0)+IF(F10="Pass",$M$3,0)+G10 | I10: =IF(H10>=150,"Champion",IF(H10>=100,"Gold",IF(H10>=50,"Silver",IF(H10>0,"Bronze","—")))) | J10: =IF(I10="Champion","🏆",IF(I10="Gold","🥇",IF(I10="Silver","🥈",IF(I10="Bronze","🥉","—")))) | L10: Silver | M10: =COUNTIF(I5:I24,"Silver")
A11: P007 | D11: Pending | E11: Pending | F11: Pending | G11: 0 | H11: =IF(D11="Pass",$M$1,0)+IF(E11="Pass",$M$2,0)+IF(F11="Pass",$M$3,0)+G11 | I11: =IF(H11>=150,"Champion",IF(H11>=100,"Gold",IF(H11>=50,"Silver",IF(H11>0,"Bronze","—")))) | J11: =IF(I11="Champion","🏆",IF(I11="Gold","🥇",IF(I11="Silver","🥈",IF(I11="Bronze","🥉","—")))) | L11: Bronze | M11: =COUNTIF(I5:I24,"Bronze")
A12: P008 | D12: Pending | E12: Pending | F12: Pending | G12: 0 | H12: =IF(D12="Pass",$M$1,0)+IF(E12="Pass",$M$2,0)+IF(F12="Pass",$M$3,0)+G12 | I12: =IF(H12>=150,"Champion",IF(H12>=100,"Gold",IF(H12>=50,"Silver",IF(H12>0,"Bronze","—")))) | J12: =IF(I12="Champion","🏆",IF(I12="Gold","🥇",IF(I12="Silver","🥈",IF(I12="Bronze","🥉","—")))) | L12: Quizzes Passed | M12: =COUNTIF(D5:F24,"Pass")
A13: P009 | D13: Pending | E13: Pending | F13: Pending | G13: 0 | H13: =IF(D13="Pass",$M$1,0)+IF(E13="Pass",$M$2,0)+IF(F13="Pass",$M$3,0)+G13 | I13: =IF(H13>=150,"Champion",IF(H13>=100,"Gold",IF(H13>=50,"Silver",IF(H13>0,"Bronze","—")))) | J13: =IF(I13="Champion","🏆",IF(I13="Gold","🥇",IF(I13="Silver","🥈",IF(I13="Bronze","🥉","—"))))
A14: P010 | D14: Pending | E14: Pending | F14: Pending | G14: 0 | H14: =IF(D14="Pass",$M$1,0)+IF(E14="Pass",$M$2,0)+IF(F14="Pass",$M$3,0)+G14 | I14: =IF(H14>=150,"Champion",IF(H14>=100,"Gold",IF(H14>=50,"Silver",IF(H14>0,"Bronze","—")))) | J14: =IF(I14="Champion","🏆",IF(I14="Gold","🥇",IF(I14="Silver","🥈",IF(I14="Bronze","🥉","—"))))
A15: P011 | D15: Pending | E15: Pending | F15: Pending | G15: 0 | H15: =IF(D15="Pass",$M$1,0)+IF(E15="Pass",$M$2,0)+IF(F15="Pass",$M$3,0)+G15 | I15: =IF(H15>=150,"Champion",IF(H15>=100,"Gold",IF(H15>=50,"Silver",IF(H15>0,"Bronze","—")))) | J15: =IF(I15="Champion","🏆",IF(I15="Gold","🥇",IF(I15="Silver","🥈",IF(I15="Bronze","🥉","—"))))
A16: P012 | D16: Pending | E16: Pending | F16: Pending | G16: 0 | H16: =IF(D16="Pass",$M$1,0)+IF(E16="Pass",$M$2,0)+IF(F16="Pass",$M$3,0)+G16 | I16: =IF(H16>=150,"Champion",IF(H16>=100,"Gold",IF(H16>=50,"Silver",IF(H16>0,"Bronze","—")))) | J16: =IF(I16="Champion","🏆",IF(I16="Gold","🥇",IF(I16="Silver","🥈",IF(I16="Bronze","🥉","—"))))
A17: P013 | D17: Pending | E17: Pending | F17: Pending | G17: 0 | H17: =IF(D17="Pass",$M$1,0)+IF(E17="Pass",$M$2,0)+IF(F17="Pass",$M$3,0)+G17 | I17: =IF(H17>=150,"Champion",IF(H17>=100,"Gold",IF(H17>=50,"Silver",IF(H17>0,"Bronze","—")))) | J17: =IF(I17="Champion","🏆",IF(I17="Gold","🥇",IF(I17="Silver","🥈",IF(I17="Bronze","🥉","—"))))
A18: P014 | D18: Pending | E18: Pending | F18: Pending | G18: 0 | H18: =IF(D18="Pass",$M$1,0)+IF(E18="Pass",$M$2,0)+IF(F18="Pass",$M$3,0)+G18 | I18: =IF(H18>=150,"Champion",IF(H18>=100,"Gold",IF(H18>=50,"Silver",IF(H18>0,"Bronze","—")))) | J18: =IF(I18="Champion","🏆",IF(I18="Gold","🥇",IF(I18="Silver","🥈",IF(I18="Bronze","🥉","—"))))
A19: P015 | D19: Pending | E19: Pending | F19: Pending | G19: 0 | H19: =IF(D19="Pass",$M$1,0)+IF(E19="Pass",$M$2,0)+IF(F19="Pass",$M$3,0)+G19 | I19: =IF(H19>=150,"Champion",IF(H19>=100,"Gold",IF(H19>=50,"Silver",IF(H19>0,"Bronze","—")))) | J19: =IF(I19="Champion","🏆",IF(I19="Gold","🥇",IF(I19="Silver","🥈",IF(I19="Bronze","🥉","—"))))
A20: P016 | D20: Pending | E20: Pending | F20: Pending | G20: 0 | H20: =IF(D20="Pass",$M$1,0)+IF(E20="Pass",$M$2,0)+IF(F20="Pass",$M$3,0)+G20 | I20: =IF(H20>=150,"Champion",IF(H20>=100,"Gold",IF(H20>=50,"Silver",IF(H20>0,"Bronze","—")))) | J20: =IF(I20="Champion","🏆",IF(I20="Gold","🥇",IF(I20="Silver","🥈",IF(I20="Bronze","🥉","—"))))
A21: P017 | D21: Pending | E21: Pending | F21: Pending | G21: 0 | H21: =IF(D21="Pass",$M$1,0)+IF(E21="Pass",$M$2,0)+IF(F21="Pass",$M$3,0)+G21 | I21: =IF(H21>=150,"Champion",IF(H21>=100,"Gold",IF(H21>=50,"Silver",IF(H21>0,"Bronze","—")))) | J21: =IF(I21="Champion","🏆",IF(I21="Gold","🥇",IF(I21="Silver","🥈",IF(I21="Bronze","🥉","—"))))
A22: P018 | D22: Pending | E22: Pending | F22: Pending | G22: 0 | H22: =IF(D22="Pass",$M$1,0)+IF(E22="Pass",$M$2,0)+IF(F22="Pass",$M$3,0)+G22 | I22: =IF(H22>=150,"Champion",IF(H22>=100,"Gold",IF(H22>=50,"Silver",IF(H22>0,"Bronze","—")))) | J22: =IF(I22="Champion","🏆",IF(I22="Gold","🥇",IF(I22="Silver","🥈",IF(I22="Bronze","🥉","—"))))
A23: P019 | D23: Pending | E23: Pending | F23: Pending | G23: 0 | H23: =IF(D23="Pass",$M$1,0)+IF(E23="Pass",$M$2,0)+IF(F23="Pass",$M$3,0)+G23 | I23: =IF(H23>=150,"Champion",IF(H23>=100,"Gold",IF(H23>=50,"Silver",IF(H23>0,"Bronze","—")))) | J23: =IF(I23="Champion","🏆",IF(I23="Gold","🥇",IF(I23="Silver","🥈",IF(I23="Bronze","🥉","—"))))
A24: P020 | D24: Pending | E24: Pending | F24: Pending | G24: 0 | H24: =IF(D24="Pass",$M$1,0)+IF(E24="Pass",$M$2,0)+IF(F24="Pass",$M$3,0)+G24 | I24: =IF(H24>=150,"Champion",IF(H24>=100,"Gold",IF(H24>=50,"Silver",IF(H24>0,"Bronze","—")))) | J24: =IF(I24="Champion","🏆",IF(I24="Gold","🥇",IF(I24="Silver","🥈",IF(I24="Bronze","🥉","—"))))

Sheet Training Plan
A1: JUNE 2026 — MONTHLY TRAINING PLAN
A2: Select status from dropdown. Progress updates automatically.
A3: MONTHLY PROGRESS | E3: =COUNTIF(E6:E35,"✓ Done")&" / 30 tasks ("&TEXT(COUNTIF(E6:E35,"✓ Done")/30,"0%")&" complete)"
A4: =COUNTIF(E6:E35,"✓ Done")/30
A5: Week | B5: Phase | C5: ID | D5: Day | E5: Status | F5: Task | G5: Notes
A6: 1 | B6: Foundation (Jun 1–7) | C6: w1d1 | D6: Mon Jun 1 | E6: ○ To Do | F6: Full-body strength – 3×10 squats, push-ups, rows
C7: w1d2 | D7: Tue Jun 2 | E7: ○ To Do | F7: 30-min steady-state cardio (run/cycle)
C8: w1d3 | D8: Wed Jun 3 | E8: ○ To Do | F8: Core & mobility – planks, hip flexor stretches
C9: w1d4 | D9: Thu Jun 4 | E9: ○ To Do | F9: Upper body – bench press, overhead press, pull-ups
C10: w1d5 | D10: Fri Jun 5 | E10: ○ To Do | F10: Lower body – deadlifts, lunges, calf raises
C11: w1d6 | D11: Sat Jun 6 | E11: ○ To Do | F11: Active recovery – 45-min walk or yoga
C12: w1d7 | D12: Sun Jun 7 | E12: ○ To Do | F12: Rest day
A13: 2 | B13: Building (Jun 8–14) | C13: w2d1 | D13: Mon Jun 8 | E13: ○ To Do | F13: Full-body strength – increase weight 5%
C14: w2d2 | D14: Tue Jun 9 | E14: ○ To Do | F14: Interval cardio – 6×3-min hard / 2-min easy
C15: w2d3 | D15: Wed Jun 10 | E15: ○ To Do | F15: Core circuit – 4 rounds: hollow hold, dead bug, RKC
C16: w2d4 | D16: Thu Jun 11 | E16: ○ To Do | F16: Upper body – add 1 set per exercise
C17: w2d5 | D17: Fri Jun 12 | E17: ○ To Do | F17: Lower body – add 1 set per exercise
C18: w2d6 | D18: Sat Jun 13 | E18: ○ To Do | F18: Hike or long bike ride (60 min)
C19: w2d7 | D19: Sun Jun 14 | E19: ○ To Do | F19: Rest day
A20: 3 | B20: Intensity (Jun 15–21) | C20: w3d1 | D20: Mon Jun 15 | E20: ○ To Do | F20: Full-body HIIT – 20 min Tabata
C21: w3d2 | D21: Tue Jun 16 | E21: ○ To Do | F21: Tempo run – 5 km at comfortably hard pace
C22: w3d3 | D22: Wed Jun 17 | E22: ○ To Do | F22: Yoga / deep stretch (45 min)
C23: w3d4 | D23: Thu Jun 18 | E23: ○ To Do | F23: Push day – chest, shoulders, triceps 4×8
C24: w3d5 | D24: Fri Jun 19 | E24: ○ To Do | F24: Pull day – back, biceps, rear delts 4×8
C25: w3d6 | D25: Sat Jun 20 | E25: ○ To Do | F25: Leg day – heavy squats & RDLs 4×6
C26: w3d7 | D26: Sun Jun 21 | E26: ○ To Do | F26: Rest day
A27: 4 | B27: Peak (Jun 22–28) | C27: w4d1 | D27: Mon Jun 22 | E27: ○ To Do | F27: Max-effort full-body circuit – 5 rounds
C28: w4d2 | D28: Tue Jun 23 | E28: ○ To Do | F28: Long run – 8 km at easy pace
C29: w4d3 | D29: Wed Jun 24 | E29: ○ To Do | F29: Core & stability – single-leg work, pallof press
C30: w4d4 | D30: Thu Jun 25 | E30: ○ To Do | F30: Upper body strength test – max reps benchmark
C31: w4d5 | D31: Fri Jun 26 | E31: ○ To Do | F31: Lower body strength test – 1RM squat & deadlift
C32: w4d6 | D32: Sat Jun 27 | E32: ○ To Do | F32: Active recovery swim or cycle (45 min)
C33: w4d7 | D33: Sun Jun 28 | E33: ○ To Do | F33: Rest day
A34: 5 | B34: Recovery (Jun 29–30) | C34: w5d1 | D34: Mon Jun 29 | E34: ○ To Do | F34: Light full-body movement – 50% intensity
C35: w5d2 | D35: Tue Jun 30 | E35: ○ To Do | F35: End-of-month review + mobility session

Sheet Competition Scorer
A1: COMPETITION SCORING SHEET | L1: Knowledge weight | M1: 0.35
A2: Rubric: Knowledge 35% · Creativity 25% · Selling 40% | Score 1–4 per criterion | L2: Creativity weight | M2: 0.25
A3: 📝 Enter competition name in B4. Score each promoter 1–4 in columns D, E, F. Weighted score, rank and award are calculated automatically. | L3: Selling weight | M3: 0.4
A4: Competition Name: | D4: C7L Mastery Excellence — Phase 1
A5: Rank | B5: Promoter Name | C5: Store | D5: Knowledge /4 (35%) | E5: Creativity /4 (25%) | F5: Selling /4 (40%) | G5: Weighted Score | H5: Score % | I5: Result | J5: Award (SAR)
A6: =IFERROR(RANK(G6,G6:G25,0),"") | G6: =IFERROR(D6*$M$1+E6*$M$2+F6*$M$3,"") | H6: =IFERROR(G6/4,"") | I6: =IFERROR(IF(RANK(G6,G6:G25,0)=1,"🥇 1st",IF(RANK(G6,G6:G25,0)=2,"🥈 2nd",IF(RANK(G6,G6:G25,0)=3,"🥉 3rd",""))),"—") | J6: =IFERROR(IF(RANK(G6,G6:G25,0)=1,1000,IF(RANK(G6,G6:G25,0)=2,800,IF(RANK(G6,G6:G25,0)=3,600,""))),"—")
A7: =IFERROR(RANK(G7,G6:G25,0),"") | G7: =IFERROR(D7*$M$1+E7*$M$2+F7*$M$3,"") | H7: =IFERROR(G7/4,"") | I7: =IFERROR(IF(RANK(G7,G6:G25,0)=1,"🥇 1st",IF(RANK(G7,G6:G25,0)=2,"🥈 2nd",IF(RANK(G7,G6:G25,0)=3,"🥉 3rd",""))),"—") | J7: =IFERROR(IF(RANK(G7,G6:G25,0)=1,1000,IF(RANK(G7,G6:G25,0)=2,800,IF(RANK(G7,G6:G25,0)=3,600,""))),"—")
A8: =IFERROR(RANK(G8,G6:G25,0),"") | G8: =IFERROR(D8*$M$1+E8*$M$2+F8*$M$3,"") | H8: =IFERROR(G8/4,"") | I8: =IFERROR(IF(RANK(G8,G6:G25,0)=1,"🥇 1st",IF(RANK(G8,G6:G25,0)=2,"🥈 2nd",IF(RANK(G8,G6:G25,0)=3,"🥉 3rd",""))),"—") | J8: =IFERROR(IF(RANK(G8,G6:G25,0)=1,1000,IF(RANK(G8,G6:G25,0)=2,800,IF(RANK(G8,G6:G25,0)=3,600,""))),"—")
A9: =IFERROR(RANK(G9,G6:G25,0),"") | G9: =IFERROR(D9*$M$1+E9*$M$2+F9*$M$3,"") | H9: =IFERROR(G9/4,"") | I9: =IFERROR(IF(RANK(G9,G6:G25,0)=1,"🥇 1st",IF(RANK(G9,G6:G25,0)=2,"🥈 2nd",IF(RANK(G9,G6:G25,0)=3,"🥉 3rd",""))),"—") | J9: =IFERROR(IF(RANK(G9,G6:G25,0)=1,1000,IF(RANK(G9,G6:G25,0)=2,800,IF(RANK(G9,G6:G25,0)=3,600,""))),"—")
A10: =IFERROR(RANK(G10,G6:G25,0),"") | G10: =IFERROR(D10*$M$1+E10*$M$2+F10*$M$3,"") | H10: =IFERROR(G10/4,"") | I10: =IFERROR(IF(RANK(G10,G6:G25,0)=1,"🥇 1st",IF(RANK(G10,G6:G25,0)=2,"🥈 2nd",IF(RANK(G10,G6:G25,0)=3,"🥉 3rd",""))),"—") | J10: =IFERROR(IF(RANK(G10,G6:G25,0)=1,1000,IF(RANK(G10,G6:G25,0)=2,800,IF(RANK(G10,G6:G25,0)=3,600,""))),"—")
A11: =IFERROR(RANK(G11,G6:G25,0),"") | G11: =IFERROR(D11*$M$1+E11*$M$2+F11*$M$3,"") | H11: =IFERROR(G11/4,"") | I11: =IFERROR(IF(RANK(G11,G6:G25,0)=1,"🥇 1st",IF(RANK(G11,G6:G25,0)=2,"🥈 2nd",IF(RANK(G11,G6:G25,0)=3,"🥉 3rd",""))),"—") | J11: =IFERROR(IF(RANK(G11,G6:G25,0)=1,1000,IF(RANK(G11,G6:G25,0)=2,800,IF(RANK(G11,G6:G25,0)=3,600,""))),"—")
A12: =IFERROR(RANK(G12,G6:G25,0),"") | G12: =IFERROR(D12*$M$1+E12*$M$2+F12*$M$3,"") | H12: =IFERROR(G12/4,"") | I12: =IFERROR(IF(RANK(G12,G6:G25,0)=1,"🥇 1st",IF(RANK(G12,G6:G25,0)=2,"🥈 2nd",IF(RANK(G12,G6:G25,0)=3,"🥉 3rd",""))),"—") | J12: =IFERROR(IF(RANK(G12,G6:G25,0)=1,1000,IF(RANK(G12,G6:G25,0)=2,800,IF(RANK(G12,G6:G25,0)=3,600,""))),"—")
A13: =IFERROR(RANK(G13,G6:G25,0),"") | G13: =IFERROR(D13*$M$1+E13*$M$2+F13*$M$3,"") | H13: =IFERROR(G13/4,"") | I13: =IFERROR(IF(RANK(G13,G6:G25,0)=1,"🥇 1st",IF(RANK(G13,G6:G25,0)=2,"🥈 2nd",IF(RANK(G13,G6:G25,0)=3,"🥉 3rd",""))),"—") | J13: =IFERROR(IF(RANK(G13,G6:G25,0)=1,1000,IF(RANK(G13,G6:G25,0)=2,800,IF(RANK(G13,G6:G25,0)=3,600,""))),"—")
A14: =IFERROR(RANK(G14,G6:G25,0),"") | G14: =IFERROR(D14*$M$1+E14*$M$2+F14*$M$3,"") | H14: =IFERROR(G14/4,"") | I14: =IFERROR(IF(RANK(G14,G6:G25,0)=1,"🥇 1st",IF(RANK(G14,G6:G25,0)=2,"🥈 2nd",IF(RANK(G14,G6:G25,0)=3,"🥉 3rd",""))),"—") | J14: =IFERROR(IF(RANK(G14,G6:G25,0)=1,1000,IF(RANK(G14,G6:G25,0)=2,800,IF(RANK(G14,G6:G25,0)=3,600,""))),"—")
A15: =IFERROR(RANK(G15,G6:G25,0),"") | G15: =IFERROR(D15*$M$1+E15*$M$2+F15*$M$3,"") | H15: =IFERROR(G15/4,"") | I15: =IFERROR(IF(RANK(G15,G6:G25,0)=1,"🥇 1st",IF(RANK(G15,G6:G25,0)=2,"🥈 2nd",IF(RANK(G15,G6:G25,0)=3,"🥉 3rd",""))),"—") | J15: =IFERROR(IF(RANK(G15,G6:G25,0)=1,1000,IF(RANK(G15,G6:G25,0)=2,800,IF(RANK(G15,G6:G25,0)=3,600,""))),"—")
A16: =IFERROR(RANK(G16,G6:G25,0),"") | G16: =IFERROR(D16*$M$1+E16*$M$2+F16*$M$3,"") | H16: =IFERROR(G16/4,"") | I16: =IFERROR(IF(RANK(G16,G6:G25,0)=1,"🥇 1st",IF(RANK(G16,G6:G25,0)=2,"🥈 2nd",IF(RANK(G16,G6:G25,0)=3,"🥉 3rd",""))),"—") | J16: =IFERROR(IF(RANK(G16,G6:G25,0)=1,1000,IF(RANK(G16,G6:G25,0)=2,800,IF(RANK(G16,G6:G25,0)=3,600,""))),"—")
A17: =IFERROR(RANK(G17,G6:G25,0),"") | G17: =IFERROR(D17*$M$1+E17*$M$2+F17*$M$3,"") | H17: =IFERROR(G17/4,"") | I17: =IFERROR(IF(RANK(G17,G6:G25,0)=1,"🥇 1st",IF(RANK(G17,G6:G25,0)=2,"🥈 2nd",IF(RANK(G17,G6:G25,0)=3,"🥉 3rd",""))),"—") | J17: =IFERROR(IF(RANK(G17,G6:G25,0)=1,1000,IF(RANK(G17,G6:G25,0)=2,800,IF(RANK(G17,G6:G25,0)=3,600,""))),"—")
A18: =IFERROR(RANK(G18,G6:G25,0),"") | G18: =IFERROR(D18*$M$1+E18*$M$2+F18*$M$3,"") | H18: =IFERROR(G18/4,"") | I18: =IFERROR(IF(RANK(G18,G6:G25,0)=1,"🥇 1st",IF(RANK(G18,G6:G25,0)=2,"🥈 2nd",IF(RANK(G18,G6:G25,0)=3,"🥉 3rd",""))),"—") | J18: =IFERROR(IF(RANK(G18,G6:G25,0)=1,1000,IF(RANK(G18,G6:G25,0)=2,800,IF(RANK(G18,G6:G25,0)=3,600,""))),"—")
A19: =IFERROR(RANK(G19,G6:G25,0),"") | G19: =IFERROR(D19*$M$1+E19*$M$2+F19*$M$3,"") | H19: =IFERROR(G19/4,"") | I19: =IFERROR(IF(RANK(G19,G6:G25,0)=1,"🥇 1st",IF(RANK(G19,G6:G25,0)=2,"🥈 2nd",IF(RANK(G19,G6:G25,0)=3,"🥉 3rd",""))),"—") | J19: =IFERROR(IF(RANK(G19,G6:G25,0)=1,1000,IF(RANK(G19,G6:G25,0)=2,800,IF(RANK(G19,G6:G25,0)=3,600,""))),"—")
A20: =IFERROR(RANK(G20,G6:G25,0),"") | G20: =IFERROR(D20*$M$1+E20*$M$2+F20*$M$3,"") | H20: =IFERROR(G20/4,"") | I20: =IFERROR(IF(RANK(G20,G6:G25,0)=1,"🥇 1st",IF(RANK(G20,G6:G25,0)=2,"🥈 2nd",IF(RANK(G20,G6:G25,0)=3,"🥉 3rd",""))),"—") | J20: =IFERROR(IF(RANK(G20,G6:G25,0)=1,1000,IF(RANK(G20,G6:G25,0)=2,800,IF(RANK(G20,G6:G25,0)=3,600,""))),"—")
A21: =IFERROR(RANK(G21,G6:G25,0),"") | G21: =IFERROR(D21*$M$1+E21*$M$2+F21*$M$3,"") | H21: =IFERROR(G21/4,"") | I21: =IFERROR(IF(RANK(G21,G6:G25,0)=1,"🥇 1st",IF(RANK(G21,G6:G25,0)=2,"🥈 2nd",IF(RANK(G21,G6:G25,0)=3,"🥉 3rd",""))),"—") | J21: =IFERROR(IF(RANK(G21,G6:G25,0)=1,1000,IF(RANK(G21,G6:G25,0)=2,800,IF(RANK(G21,G6:G25,0)=3,600,""))),"—")
A22: =IFERROR(RANK(G22,G6:G25,0),"") | G22: =IFERROR(D22*$M$1+E22*$M$2+F22*$M$3,"") | H22: =IFERROR(G22/4,"") | I22: =IFERROR(IF(RANK(G22,G6:G25,0)=1,"🥇 1st",IF(RANK(G22,G6:G25,0)=2,"🥈 2nd",IF(RANK(G22,G6:G25,0)=3,"🥉 3rd",""))),"—") | J22: =IFERROR(IF(RANK(G22,G6:G25,0)=1,1000,IF(RANK(G22,G6:G25,0)=2,800,IF(RANK(G22,G6:G25,0)=3,600,""))),"—")
A23: =IFERROR(RANK(G23,G6:G25,0),"") | G23: =IFERROR(D23*$M$1+E23*$M$2+F23*$M$3,"") | H23: =IFERROR(G23/4,"") | I23: =IFERROR(IF(RANK(G23,G6:G25,0)=1,"🥇 1st",IF(RANK(G23,G6:G25,0)=2,"🥈 2nd",IF(RANK(G23,G6:G25,0)=3,"🥉 3rd",""))),"—") | J23: =IFERROR(IF(RANK(G23,G6:G25,0)=1,1000,IF(RANK(G23,G6:G25,0)=2,800,IF(RANK(G23,G6:G25,0)=3,600,""))),"—")
A24: =IFERROR(RANK(G24,G6:G25,0),"") | G24: =IFERROR(D24*$M$1+E24*$M$2+F24*$M$3,"") | H24: =IFERROR(G24/4,"") | I24: =IFERROR(IF(RANK(G24,G6:G25,0)=1,"🥇 1st",IF(RANK(G24,G6:G25,0)=2,"🥈 2nd",IF(RANK(G24,G6:G25,0)=3,"🥉 3rd",""))),"—") | J24: =IFERROR(IF(RANK(G24,G6:G25,0)=1,1000,IF(RANK(G24,G6:G25,0)=2,800,IF(RANK(G24,G6:G25,0)=3,600,""))),"—")
A25: =IFERROR(RANK(G25,G6:G25,0),"") | G25: =IFERROR(D25*$M$1+E25*$M$2+F25*$M$3,"") | H25: =IFERROR(G25/4,"") | I25: =IFERROR(IF(RANK(G25,G6:G25,0)=1,"🥇 1st",IF(RANK(G25,G6:G25,0)=2,"🥈 2nd",IF(RANK(G25,G6:G25,0)=3,"🥉 3rd",""))),"—") | J25: =IFERROR(IF(RANK(G25,G6:G25,0)=1,1000,IF(RANK(G25,G6:G25,0)=2,800,IF(RANK(G25,G6:G25,0)=3,600,""))),"—")

Sheet Leaderboard
A1: PROMOTER LEADERBOARD — JUNE 2026
A2: Auto-sorted by Total Points from the Promoter Tracker sheet
A3: ℹ️ This leaderboard reads live from the Promoter Tracker sheet. It updates as you enter data.
A4: Rank | B4: Promoter | C4: Store | D4: Points | E4: Level | F4: Badge | G4: Progress Bar
A5: 🥇 | B5: =IFERROR(INDEX('Promoter Tracker'!B$5:B$24,MATCH(LARGE('Promoter Tracker'!H$5:H$24,1),'Promoter Tracker'!H$5:H$24,0)),"") | C5: =IFERROR(INDEX('Promoter Tracker'!C$5:C$24,MATCH(LARGE('Promoter Tracker'!H$5:H$24,1),'Promoter Tracker'!H$5:H$24,0)),"") | D5: =IFERROR(LARGE('Promoter Tracker'!H$5:H$24,1),"") | E5: =IFERROR(INDEX('Promoter Tracker'!I$5:I$24,MATCH(LARGE('Promoter Tracker'!H$5:H$24,1),'Promoter Tracker'!H$5:H$24,0)),"") | F5: =IFERROR(INDEX('Promoter Tracker'!J$5:J$24,MATCH(LARGE('Promoter Tracker'!H$5:H$24,1),'Promoter Tracker'!H$5:H$24,0)),"") | G5: =IFERROR(LARGE('Promoter Tracker'!H$5:H$24,1)/150,"")
A6: 🥈 | B6: =IFERROR(INDEX('Promoter Tracker'!B$5:B$24,MATCH(LARGE('Promoter Tracker'!H$5:H$24,2),'Promoter Tracker'!H$5:H$24,0)),"") | C6: =IFERROR(INDEX('Promoter Tracker'!C$5:C$24,MATCH(LARGE('Promoter Tracker'!H$5:H$24,2),'Promoter Tracker'!H$5:H$24,0)),"") | D6: =IFERROR(LARGE('Promoter Tracker'!H$5:H$24,2),"") | E6: =IFERROR(INDEX('Promoter Tracker'!I$5:I$24,MATCH(LARGE('Promoter Tracker'!H$5:H$24,2),'Promoter Tracker'!H$5:H$24,0)),"") | F6: =IFERROR(INDEX('Promoter Tracker'!J$5:J$24,MATCH(LARGE('Promoter Tracker'!H$5:H$24,2),'Promoter Tracker'!H$5:H$24,0)),"") | G6: =IFERROR(LARGE('Promoter Tracker'!H$5:H$24,2)/150,"")
A7: 🥉 | B7: =IFERROR(INDEX('Promoter Tracker'!B$5:B$24,MATCH(LARGE('Promoter Tracker'!H$5:H$24,3),'Promoter Tracker'!H$5:H$24,0)),"") | C7: =IFERROR(INDEX('Promoter Tracker'!C$5:C$24,MATCH(LARGE('Promoter Tracker'!H$5:H$24,3),'Promoter Tracker'!H$5:H$24,0)),"") | D7: =IFERROR(LARGE('Promoter Tracker'!H$5:H$24,3),"") | E7: =IFERROR(INDEX('Promoter Tracker'!I$5:I$24,MATCH(LARGE('Promoter Tracker'!H$5:H$24,3),'Promoter Tracker'!H$5:H$24,0)),"") | F7: =IFERROR(INDEX('Promoter Tracker'!J$5:J$24,MATCH(LARGE('Promoter Tracker'!H$5:H$24,3),'Promoter Tracker'!H$5:H$24,0)),"") | G7: =IFERROR(LARGE('Promoter Tracker'!H$5:H$24,3)/150,"")
A8: 4 | B8: =IFERROR(INDEX('Promoter Tracker'!B$5:B$24,MATCH(LARGE('Promoter Tracker'!H$5:H$24,4),'Promoter Tracker'!H$5:H$24,0)),"") | C8: =IFERROR(INDEX('Promoter Tracker'!C$5:C$24,MATCH(LARGE('Promoter Tracker'!H$5:H$24,4),'Promoter Tracker'!H$5:H$24,0)),"") | D8: =IFERROR(LARGE('Promoter Tracker'!H$5:H$24,4),"") | E8: =IFERROR(INDEX('Promoter Tracker'!I$5:I$24,MATCH(LARGE('Promoter Tracker'!H$5:H$24,4),'Promoter Tracker'!H$5:H$24,0)),"") | F8: =IFERROR(INDEX('Promoter Tracker'!J$5:J$24,MATCH(LARGE('Promoter Tracker'!H$5:H$24,4),'Promoter Tracker'!H$5:H$24,0)),"") | G8: =IFERROR(LARGE('Promoter Tracker'!H$5:H$24,4)/150,"")
A9: 5 | B9: =IFERROR(INDEX('Promoter Tracker'!B$5:B$24,MATCH(LARGE('Promoter Tracker'!H$5:H$24,5),'Promoter Tracker'!H$5:H$24,0)),"") | C9: =IFERROR(INDEX('Promoter Tracker'!C$5:C$24,MATCH(LARGE('Promoter Tracker'!H$5:H$24,5),'Promoter Tracker'!H$5:H$24,0)),"") | D9: =IFERROR(LARGE('Promoter Tracker'!H$5:H$24,5),"") | E9: =IFERROR(INDEX('Promoter Tracker'!I$5:I$24,MATCH(LARGE('Promoter Tracker'!H$5:H$24,5),'Promoter Tracker'!H$5:H$24,0)),"") | F9: =IFERROR(INDEX('Promoter Tracker'!J$5:J$24,MATCH(LARGE('Promoter Tracker'!H$5:H$24,5),'Promoter Tracker'!H$5:H$24,0)),"") | G9: =IFERROR(LARGE('Promoter Tracker'!H$5:H$24,5)/150,"")
A10: 6 | B10: =IFERROR(INDEX('Promoter Tracker'!B$5:B$24,MATCH(LARGE('Promoter Tracker'!H$5:H$24,6),'Promoter Tracker'!H$5:H$24,0)),"") | C10: =IFERROR(INDEX('Promoter Tracker'!C$5:C$24,MATCH(LARGE('Promoter Tracker'!H$5:H$24,6),'Promoter Tracker'!H$5:H$24,0)),"") | D10: =IFERROR(LARGE('Promoter Tracker'!H$5:H$24,6),"") | E10: =IFERROR(INDEX('Promoter Tracker'!I$5:I$24,MATCH(LARGE('Promoter Tracker'!H$5:H$24,6),'Promoter Tracker'!H$5:H$24,0)),"") | F10: =IFERROR(INDEX('Promoter Tracker'!J$5:J$24,MATCH(LARGE('Promoter Tracker'!H$5:H$24,6),'Promoter Tracker'!H$5:H$24,0)),"") | G10: =IFERROR(LARGE('Promoter Tracker'!H$5:H$24,6)/150,"")
A11: 7 | B11: =IFERROR(INDEX('Promoter Tracker'!B$5:B$24,MATCH(LARGE('Promoter Tracker'!H$5:H$24,7),'Promoter Tracker'!H$5:H$24,0)),"") | C11: =IFERROR(INDEX('Promoter Tracker'!C$5:C$24,MATCH(LARGE('Promoter Tracker'!H$5:H$24,7),'Promoter Tracker'!H$5:H$24,0)),"") | D11: =IFERROR(LARGE('Promoter Tracker'!H$5:H$24,7),"") | E11: =IFERROR(INDEX('Promoter Tracker'!I$5:I$24,MATCH(LARGE('Promoter Tracker'!H$5:H$24,7),'Promoter Tracker'!H$5:H$24,0)),"") | F11: =IFERROR(INDEX('Promoter Tracker'!J$5:J$24,MATCH(LARGE('Promoter Tracker'!H$5:H$24,7),'Promoter Tracker'!H$5:H$24,0)),"") | G11: =IFERROR(LARGE('Promoter Tracker'!H$5:H$24,7)/150,"")
A12: 8 | B12: =IFERROR(INDEX('Promoter Tracker'!B$5:B$24,MATCH(LARGE('Promoter Tracker'!H$5:H$24,8),'Promoter Tracker'!H$5:H$24,0)),"") | C12: =IFERROR(INDEX('Promoter Tracker'!C$5:C$24,MATCH(LARGE('Promoter Tracker'!H$5:H$24,8),'Promoter Tracker'!H$5:H$24,0)),"") | D12: =IFERROR(LARGE('Promoter Tracker'!H$5:H$24,8),"") | E12: =IFERROR(INDEX('Promoter Tracker'!I$5:I$24,MATCH(LARGE('Promoter Tracker'!H$5:H$24,8),'Promoter Tracker'!H$5:H$24,0)),"") | F12: =IFERROR(INDEX('Promoter Tracker'!J$5:J$24,MATCH(LARGE('Promoter Tracker'!H$5:H$24,8),'Promoter Tracker'!H$5:H$24,0)),"") | G12: =IFERROR(LARGE('Promoter Tracker'!H$5:H$24,8)/150,"")
A13: 9 | B13: =IFERROR(INDEX('Promoter Tracker'!B$5:B$24,MATCH(LARGE('Promoter Tracker'!H$5:H$24,9),'Promoter Tracker'!H$5:H$24,0)),"") | C13: =IFERROR(INDEX('Promoter Tracker'!C$5:C$24,MATCH(LARGE('Promoter Tracker'!H$5:H$24,9),'Promoter Tracker'!H$5:H$24,0)),"") | D13: =IFERROR(LARGE('Promoter Tracker'!H$5:H$24,9),"") | E13: =IFERROR(INDEX('Promoter Tracker'!I$5:I$24,MATCH(LARGE('Promoter Tracker'!H$5:H$24,9),'Promoter Tracker'!H$5:H$24,0)),"") | F13: =IFERROR(INDEX('Promoter Tracker'!J$5:J$24,MATCH(LARGE('Promoter Tracker'!H$5:H$24,9),'Promoter Tracker'!H$5:H$24,0)),"") | G13: =IFERROR(LARGE('Promoter Tracker'!H$5:H$24,9)/150,"")
A14: 10 | B14: =IFERROR(INDEX('Promoter Tracker'!B$5:B$24,MATCH(LARGE('Promoter Tracker'!H$5:H$24,10),'Promoter Tracker'!H$5:H$24,0)),"") | C14: =IFERROR(INDEX('Promoter Tracker'!C$5:C$24,MATCH(LARGE('Promoter Tracker'!H$5:H$24,10),'Promoter Tracker'!H$5:H$24,0)),"") | D14: =IFERROR(LARGE('Promoter Tracker'!H$5:H$24,10),"") | E14: =IFERROR(INDEX('Promoter Tracker'!I$5:I$24,MATCH(LARGE('Promoter Tracker'!H$5:H$24,10),'Promoter Tracker'!H$5:H$24,0)),"") | F14: =IFERROR(INDEX('Promoter Tracker'!J$5:J$24,MATCH(LARGE('Promoter Tracker'!H$5:H$24,10),'Promoter Tracker'!H$5:H$24,0)),"") | G14: =IFERROR(LARGE('Promoter Tracker'!H$5:H$24,10)/150,"")
A15: 11 | B15: =IFERROR(INDEX('Promoter Tracker'!B$5:B$24,MATCH(LARGE('Promoter Tracker'!H$5:H$24,11),'Promoter Tracker'!H$5:H$24,0)),"") | C15: =IFERROR(INDEX('Promoter Tracker'!C$5:C$24,MATCH(LARGE('Promoter Tracker'!H$5:H$24,11),'Promoter Tracker'!H$5:H$24,0)),"") | D15: =IFERROR(LARGE('Promoter Tracker'!H$5:H$24,11),"") | E15: =IFERROR(INDEX('Promoter Tracker'!I$5:I$24,MATCH(LARGE('Promoter Tracker'!H$5:H$24,11),'Promoter Tracker'!H$5:H$24,0)),"") | F15: =IFERROR(INDEX('Promoter Tracker'!J$5:J$24,MATCH(LARGE('Promoter Tracker'!H$5:H$24,11),'Promoter Tracker'!H$5:H$24,0)),"") | G15: =IFERROR(LARGE('Promoter Tracker'!H$5:H$24,11)/150,"")
A16: 12 | B16: =IFERROR(INDEX('Promoter Tracker'!B$5:B$24,MATCH(LARGE('Promoter Tracker'!H$5:H$24,12),'Promoter Tracker'!H$5:H$24,0)),"") | C16: =IFERROR(INDEX('Promoter Tracker'!C$5:C$24,MATCH(LARGE('Promoter Tracker'!H$5:H$24,12),'Promoter Tracker'!H$5:H$24,0)),"") | D16: =IFERROR(LARGE('Promoter Tracker'!H$5:H$24,12),"") | E16: =IFERROR(INDEX('Promoter Tracker'!I$5:I$24,MATCH(LARGE('Promoter Tracker'!H$5:H$24,12),'Promoter Tracker'!H$5:H$24,0)),"") | F16: =IFERROR(INDEX('Promoter Tracker'!J$5:J$24,MATCH(LARGE('Promoter Tracker'!H$5:H$24,12),'Promoter Tracker'!H$5:H$24,0)),"") | G16: =IFERROR(LARGE('Promoter Tracker'!H$5:H$24,12)/150,"")
A17: 13 | B17: =IFERROR(INDEX('Promoter Tracker'!B$5:B$24,MATCH(LARGE('Promoter Tracker'!H$5:H$24,13),'Promoter Tracker'!H$5:H$24,0)),"") | C17: =IFERROR(INDEX('Promoter Tracker'!C$5:C$24,MATCH(LARGE('Promoter Tracker'!H$5:H$24,13),'Promoter Tracker'!H$5:H$24,0)),"") | D17: =IFERROR(LARGE('Promoter Tracker'!H$5:H$24,13),"") | E17: =IFERROR(INDEX('Promoter Tracker'!I$5:I$24,MATCH(LARGE('Promoter Tracker'!H$5:H$24,13),'Promoter Tracker'!H$5:H$24,0)),"") | F17: =IFERROR(INDEX('Promoter Tracker'!J$5:J$24,MATCH(LARGE('Promoter Tracker'!H$5:H$24,13),'Promoter Tracker'!H$5:H$24,0)),"") | G17: =IFERROR(LARGE('Promoter Tracker'!H$5:H$24,13)/150,"")
A18: 14 | B18: =IFERROR(INDEX('Promoter Tracker'!B$5:B$24,MATCH(LARGE('Promoter Tracker'!H$5:H$24,14),'Promoter Tracker'!H$5:H$24,0)),"") | C18: =IFERROR(INDEX('Promoter Tracker'!C$5:C$24,MATCH(LARGE('Promoter Tracker'!H$5:H$24,14),'Promoter Tracker'!H$5:H$24,0)),"") | D18: =IFERROR(LARGE('Promoter Tracker'!H$5:H$24,14),"") | E18: =IFERROR(INDEX('Promoter Tracker'!I$5:I$24,MATCH(LARGE('Promoter Tracker'!H$5:H$24,14),'Promoter Tracker'!H$5:H$24,0)),"") | F18: =IFERROR(INDEX('Promoter Tracker'!J$5:J$24,MATCH(LARGE('Promoter Tracker'!H$5:H$24,14),'Promoter Tracker'!H$5:H$24,0)),"") | G18: =IFERROR(LARGE('Promoter Tracker'!H$5:H$24,14)/150,"")
A19: 15 | B19: =IFERROR(INDEX('Promoter Tracker'!B$5:B$24,MATCH(LARGE('Promoter Tracker'!H$5:H$24,15),'Promoter Tracker'!H$5:H$24,0)),"") | C19: =IFERROR(INDEX('Promoter Tracker'!C$5:C$24,MATCH(LARGE('Promoter Tracker'!H$5:H$24,15),'Promoter Tracker'!H$5:H$24,0)),"") | D19: =IFERROR(LARGE('Promoter Tracker'!H$5:H$24,15),"") | E19: =IFERROR(INDEX('Promoter Tracker'!I$5:I$24,MATCH(LARGE('Promoter Tracker'!H$5:H$24,15),'Promoter Tracker'!H$5:H$24,0)),"") | F19: =IFERROR(INDEX('Promoter Tracker'!J$5:J$24,MATCH(LARGE('Promoter Tracker'!H$5:H$24,15),'Promoter Tracker'!H$5:H$24,0)),"") | G19: =IFERROR(LARGE('Promoter Tracker'!H$5:H$24,15)/150,"")
A20: 16 | B20: =IFERROR(INDEX('Promoter Tracker'!B$5:B$24,MATCH(LARGE('Promoter Tracker'!H$5:H$24,16),'Promoter Tracker'!H$5:H$24,0)),"") | C20: =IFERROR(INDEX('Promoter Tracker'!C$5:C$24,MATCH(LARGE('Promoter Tracker'!H$5:H$24,16),'Promoter Tracker'!H$5:H$24,0)),"") | D20: =IFERROR(LARGE('Promoter Tracker'!H$5:H$24,16),"") | E20: =IFERROR(INDEX('Promoter Tracker'!I$5:I$24,MATCH(LARGE('Promoter Tracker'!H$5:H$24,16),'Promoter Tracker'!H$5:H$24,0)),"") | F20: =IFERROR(INDEX('Promoter Tracker'!J$5:J$24,MATCH(LARGE('Promoter Tracker'!H$5:H$24,16),'Promoter Tracker'!H$5:H$24,0)),"") | G20: =IFERROR(LARGE('Promoter Tracker'!H$5:H$24,16)/150,"")
A21: 17 | B21: =IFERROR(INDEX('Promoter Tracker'!B$5:B$24,MATCH(LARGE('Promoter Tracker'!H$5:H$24,17),'Promoter Tracker'!H$5:H$24,0)),"") | C21: =IFERROR(INDEX('Promoter Tracker'!C$5:C$24,MATCH(LARGE('Promoter Tracker'!H$5:H$24,17),'Promoter Tracker'!H$5:H$24,0)),"") | D21: =IFERROR(LARGE('Promoter Tracker'!H$5:H$24,17),"") | E21: =IFERROR(INDEX('Promoter Tracker'!I$5:I$24,MATCH(LARGE('Promoter Tracker'!H$5:H$24,17),'Promoter Tracker'!H$5:H$24,0)),"") | F21: =IFERROR(INDEX('Promoter Tracker'!J$5:J$24,MATCH(LARGE('Promoter Tracker'!H$5:H$24,17),'Promoter Tracker'!H$5:H$24,0)),"") | G21: =IFERROR(LARGE('Promoter Tracker'!H$5:H$24,17)/150,"")
A22: 18 | B22: =IFERROR(INDEX('Promoter Tracker'!B$5:B$24,MATCH(LARGE('Promoter Tracker'!H$5:H$24,18),'Promoter Tracker'!H$5:H$24,0)),"") | C22: =IFERROR(INDEX('Promoter Tracker'!C$5:C$24,MATCH(LARGE('Promoter Tracker'!H$5:H$24,18),'Promoter Tracker'!H$5:H$24,0)),"") | D22: =IFERROR(LARGE('Promoter Tracker'!H$5:H$24,18),"") | E22: =IFERROR(INDEX('Promoter Tracker'!I$5:I$24,MATCH(LARGE('Promoter Tracker'!H$5:H$24,18),'Promoter Tracker'!H$5:H$24,0)),"") | F22: =IFERROR(INDEX('Promoter Tracker'!J$5:J$24,MATCH(LARGE('Promoter Tracker'!H$5:H$24,18),'Promoter Tracker'!H$5:H$24,0)),"") | G22: =IFERROR(LARGE('Promoter Tracker'!H$5:H$24,18)/150,"")
A23: 19 | B23: =IFERROR(INDEX('Promoter Tracker'!B$5:B$24,MATCH(LARGE('Promoter Tracker'!H$5:H$24,19),'Promoter Tracker'!H$5:H$24,0)),"") | C23: =IFERROR(INDEX('Promoter Tracker'!C$5:C$24,MATCH(LARGE('Promoter Tracker'!H$5:H$24,19),'Promoter Tracker'!H$5:H$24,0)),"") | D23: =IFERROR(LARGE('Promoter Tracker'!H$5:H$24,19),"") | E23: =IFERROR(INDEX('Promoter Tracker'!I$5:I$24,MATCH(LARGE('Promoter Tracker'!H$5:H$24,19),'Promoter Tracker'!H$5:H$24,0)),"") | F23: =IFERROR(INDEX('Promoter Tracker'!J$5:J$24,MATCH(LARGE('Promoter Tracker'!H$5:H$24,19),'Promoter Tracker'!H$5:H$24,0)),"") | G23: =IFERROR(LARGE('Promoter Tracker'!H$5:H$24,19)/150,"")
A24: 20 | B24: =IFERROR(INDEX('Promoter Tracker'!B$5:B$24,MATCH(LARGE('Promoter Tracker'!H$5:H$24,20),'Promoter Tracker'!H$5:H$24,0)),"") | C24: =IFERROR(INDEX('Promoter Tracker'!C$5:C$24,MATCH(LARGE('Promoter Tracker'!H$5:H$24,20),'Promoter Tracker'!H$5:H$24,0)),"") | D24: =IFERROR(LARGE('Promoter Tracker'!H$5:H$24,20),"") | E24: =IFERROR(INDEX('Promoter Tracker'!I$5:I$24,MATCH(LARGE('Promoter Tracker'!H$5:H$24,20),'Promoter Tracker'!H$5:H$24,0)),"") | F24: =IFERROR(INDEX('Promoter Tracker'!J$5:J$24,MATCH(LARGE('Promoter Tracker'!H$5:H$24,20),'Promoter Tracker'!H$5:H$24,0)),"") | G24: =IFERROR(LARGE('Promoter Tracker'!H$5:H$24,20)/150,"")
